Rose,Horowitch,rose.horowitch@yale.edu
Ryan,Chiao,ryan.chiao@yale.edu
Owen,Tucker-Smith,owen.tucker-smith@yale.edu
Natalie,Kainz,natalie.kainz@yale.edu
Marisol,Carty,marisol.carty@yale.edu
Christian,Martinez-Contreras,christian.martinezcontreras@yale.edu
Melissa,Kim,melissa.kim@yale.edu
Angela,Lee,angela.h.lee@yale.edu
Christian,Robles,christian.robles@yale.edu
Ángela,Pérez,angela.perez@yale.edu
Josie,Jahng,josie.jahng@yale.edu
Chris,Lee,chris.j.lee@yale.edu
Hailey,O’Connor,hailey.oconnor@yale.edu
Caroline,Parker,c.parker@yale.edu
Yingying,Zhao,yingying.zhao@yale.edu
Leon,Lufkin,leon.lufkin@yale.edu
Zully,Arias,zully.arias@yale.edu
Amy,Zhao,amy.zhao.axz4@yale.edu
Megan,Graham,megan.graham@yale.edu
Sophie,Henry,sophie.henry@yale.edu
Cecilia,Lee,cecilia.lee@yale.edu
Claire,Lee,claire.s.lee@yale.edu
Marie,Sanford,Karla.sanford@yale.edu
Awuor,Onguru,awuor.onguru@yale.edu
Hanwen,Zhang,hanwen.zhang.hhz3@yale.edu
Zoe,Berg,zoe.berg@yale.edu
Vaibhav,Sharma,vaibhav.sharma@yale.edu
Karen,Lin,karen.lin@yale.edu
Regina,Sung,regina.sung@yale.edu
Yasmine,Halmane,yasmine.halmane@yale.edu
Andrea,Lee,andrea.j.lee@yale.edu
Simi,Olurin,simi.olurin@yale.edu
Jose,Estrada-Ramirez,jose.estrada-ramirez@yale.edu
Rachel,Folmar,rachel.folmar@yale.edu
Naz,Onder,elifnaz.onder@yale.edu
Stephanie,Shao,stephanie.shao@yale.edu
Isaac,Yu,isaac.yu@yale.edu
Julia,Bialek,julia.bialek@yale.edu
Jose,Davila,IV,jose.davilaiv@yale.edu
Phoebe,Liu,phoebe.liu@yale.edu
Anjali,Mangla,anjali.mangla@yale.edu
Nicole,Rodriguez,nicole.rodriguez.nr444@yale.edu
Melanie,Heller,melanie.heller@yale.edu
Julia,Brown,julia.k.brown@yale.edu
Amelia,Davidson,amelia.davidson@yale.edu
Julia,Macri,julia.macri@yale.edu
Iris,Yang,iris.yang@yale.edu
Claire,Fang,claire.fang@yale.edu
Jordan,Fitzgerald,jordan.fitzgerald@yale.edu
Tony,Hao,tony.hao@yale.edu



Maya,Weldon-Lagrimas,maya.weldon-lagrimas@yale.edu
Olivia,Sally,olivia.sally@yale.edu
Rehan,Melwani,rehan.melwani@yale.edu
Lukas,Flippo,lukas.flippo@yale.edu
Will,McCormack,william.mccormack@yale.edu
Evan,Gorelick,evan.gorelick@yale.edu
Alex,Ye,alex.ye@yale.edu
Zach,Morris,zach.morris@yale.edu
William,Porayouw,william.porayouw@yale.edu
Sarah,Cook,sarah.cook@yale.edu
Alessia,Degraeve,alessia.degraeve@yale.edu
Carter,Dewees,carter.dewees@yale.edu
Olivia,Lombardo,olivia.lombardo@yale.edu
Yeji,Kim,yeji.kim@yale.edu
Anika,Seth,anika.seth@yale.edu
Isabel,Maney,isabel.maney@yale.edu
Paloma,Vigil,paloma.vigil@yale.edu
Lucas,Gimbel,lucas.gimbel@yale.edu
Tigerlily,Hopson,tigerlily.hopson@yale.edu
Caroline,Chen,caroline.chen@yale.edu
Gavin,Guerrette,gavin.guerrette@yale.edu
Michael,Ndubisi,michael.ndubisi@yale.edu
Khuan,Hall,khuan.hall@yale.edu
Brian,Zhang,brian.zhang@yale.edu
Nathaniel,Rosenberg,nathaniel.rosenberg@yale.edu
Keenan,Miller,keenan.miller@yale.edu
Rachel,Shin,rachel.shin@yale.edu
Hannah,Qu,hannah.qu@yale.edu
Sophie,Sonnenfeld,sophie.sonnenfeld@yale.edu
Sadie,Bograd,sadie.bograd@yale.edu
Pia,Baldwin-Edwards,pia.baldwinedwards@yale.edu
Megan,Vaz,megan.vaz@yale.edu
Dante,Motley,dante.motley@yale.edu
Joaquin,Fernandez-Duque,joaquin.fernandez-duque@yale.edu
Yash,Roy,yash.roy@yale.edu
Charlotte,Hughes,charlotte.hughes@yale.edu
Sarah,Feng,sarah.feng@yale.edu
Hamera,Shabbir,hamera.shabbir@yale.edu
Valentina,Simon,valentina.simon@yale.edu
Manas,Sharma,manas.sharma@yale.edu
Simona,Hausleitner,simona.hausleitner@yale.edu
Natalie,Makableh,natalie.makableh@yale.edu
Sophie,Wang,sophie.wang@yale.edu
Selin,Nalbantoglu,selin.nalbantoglu@yale.edu
Elizabeth,Watson,elizabeth.watson@yale.edu
Andre,Parrilla,andre.parrilla@yale.edu
Brandon,Wu,brandon.wu@yale.edu
Ruth,Lee,ruth.lee@yale.edu
Kayla,Yup,KaylaYup2025@gmail.com
Tamaki,Kuno,tamaki.kuno@yale.edu
Rosie,Braceras,rosie.braceras@yale.edu
Spencer,King,spencer.king@yale.edu
Andrew,Cramer,andrew.cramer@yale.edu
Lucy,Hodgman,lucy.hodgman@yale.edu
Jordan,Fitzgerald,jordan.fitzgerald@yale.edu
Philip,Mousavizadeh,philip.mousavizadeh@yale.edu
Eda,Aker,eda.aker@yale.edu
Sanchita,Kedia,sanchita.kedia@yale.edu
Sylvan,Lebrun,sylvan.lebrun@yale.edu
Sai,Rayala,sai.rayala@yale.edu
Gamze,Kazakoglu,gamze.kazakoglu@yale.edu
Wei-Ting,Shih,wei-ting.shih@yale.edu
Tania,Tsunik,tania.tsunik@yale.edu
Nader,Granmayeh,nader.granmayeh@yale.edu
Aislinn,Kinsella,aislinn.kinsella@yale.edu
Mai,Chen,mai.chen@yale.edu
Amelia,Lower,amelia.lower@yale.edu
Miranda,Jeyaretnam,miranda.jeyaretnam@yale.edu
Chris,De,Santis,chris.desantis@yale.edu
Chen,Lin,chen.lin@yale.edu
,Beril,Birlik,beril.birlik@yale.edu
,Catherine,Kwon,catherine.kwon@yale.edu
,Jessica,Sanchez,jessica.sanchez@yale.edu
Laura,Zeng,laura.zeng@yale.edu
,Toia,Conde,Rodrigues,Da,Cunha,toia.conderodriguesdacunha@yale.edu
,Adalen,Hammond,adalen.hammond@yale.edu
,Lawrence,Tang,,lawrence.tang@yale.edu
Kaia,Mladenova,kaia.mladenova@yale.edu
Sophia,Zhao,sophia.j.zhao@yale.edu
Giovanna,Truong,giovanna.truong@yale.edu
Malia,Kuo,malia.kuo@yale.edu
Victoria,Lu,victoria.lu@yale.edu
Winnie,Jiang,winnie.jiang@yale.edu
Roxanna,Andrade,roxanna.andrade@yale.edu
Cecilia,Lee,cecilia.lee@yale.edu
Ariane,Degennaro,ariane.degennaro@yale.edu,
Mark,Chung,mark.chung@yale.edu
Dora,Guo,dora.guo@yale.edu
Anasthasia,Shilov,anasthasia.shilov@yale.edu
Cate,Roser,cate.roser@yale.edu
Emily,Cai,emily.cai@yale.edu
Jessai,Flores,jessai.flores@yale.edu
Abigail,Dixon,abigail.dixon@yale.edu
Anabel,Moore,anabel.moore@yale.edu
Iris,Tsouris,iris.tsouris@yale.edu
Jacqueline,Kaskel,jacqueline.kaskel@yale.edu
Ava,Saylor,ava.saylor@yale.edu
Annie,Sidransky,annie.sidransky@yale.edu
Mahesh,Agarwal,mahesh.agarwal@yale.edu
Mars,Adams,mars.adams@yale.edu
Lily,Dorstewitz,lily.dorstewitz@yale.edu
Michael,Garman,michael.garman@yale.edu
,Joshua,Baehring,joshua.baehring@yale.edu
Tim,Tai,tim.tai@yale.edu
Tenzin,Jorden,tenzin.jorden@yale.edu
Ethan,Dodd,ethan.dodd@yale.edu
Max,Sternlicht,max.sternlicht@yale.edu
Yazan,Alrayyes,yazan.alrayyes@yale.edu
Piper,Jackman,piper.jackman@yale.edu
Will,Aarons,will.aarons@yale.edu
Maya,Melnik,maya.melnik@yale.edu
Grace,Aitken,grace.aitken@yale.edu
Paola,Santos,paola.santos@yale.edu
Sydney,Zoehrer,sydney.zoehrer@yale.edu,
Patrick,Sebaraj,patrick.sebaraj@yale.edu
Olivia,Schnur,olivia.schnur@yale.edu
